param_157,param_288,param_223,param_905,param_647,param_1437,param_1071,param_1621,param_57,param_1384,param_1395,param_438,param_298,param_1125,param_2079,param_2241,param_968,param_1656,param_1565,param_1610,param_1030,param_2256,param_204,param_670,param_835,param_1927,param_1916,param_1651,param_478,param_315,param_2246,param_1909,param_1206,param_318,param_1105,param_714,param_1396,param_1296,param_1483,param_2396,param_1825,param_1741,param_1943,param_401,param_2145,param_2200,param_476,param_2219,param_1292,param_505
-0.2540242274838819,0.7845513366918001,-1.2665000509680175,-0.9783228214512008,-0.6624344220548031,0.3617772514056103,-1.4222932334144984,0.17953695630780073,-0.571603438567507,-0.22749853656661095,0.12737589685379408,1.3309328029004592,-1.2755292929068183,1.3689461652416535,0.02436115281554868,-0.5259346094945516,1.171971340307645,0.4468326263466621,-1.112083372239877,-1.4889606462028402,0.8234956872757838,-1.7548549937335216,1.2116664048192207,1.199463933787749,0.9729175230031207,1.4773241091279259,-0.06991204623937332,-1.3797045748006698,0.17428176972873355,0.07492423299005155,0.870762592606989,-0.01012523698271374,0.3832654304612559,1.163872195060968,0.5371185043633578,-1.1675033474091405,0.5179842302063565,-1.5221843915000193,0.11228095523861004,-0.261063431577013,0.23669321558777112,0.15903036383227875,-0.17732604875284924,-1.3331361592617974,0.390815321344939,-0.6095223174883888,1.2895158827633728,-0.9802350257584842,-1.0064795220288998,-0.9491632513330278
